"TITLE","DEPARTMENT","CATEGORY","BASE_PRICE","ORDER_NUMBER"
"No Name Salami (175g)","Meat","Processed Meat Slice",1.97,"531000098759512"
"No Name Salami (175g)","Meat","Processed Meat Slice",1.97,"531000053792340"
"Christie Thinsations Thinsations, Chocolate Covered Pretzels (132g)","Grocery","Cookies",2.99,"531000049012093"
"Christie Thinsations Thinsations, Chocolate Covered Pretzels (132g)","Grocery","Cookies",2.99,"531000037164218"
"Christie Thinsations Thinsations, Chocolate Covered Pretzels (132g)","Grocery","Cookies",2.99,"531000049399381"
"Christie Thinsations Thinsations, Chocolate Covered Pretzels (132g)","Grocery","Cookies",2.99,"531000035546197"
"Christie Thinsations Thinsations, Chocolate Covered Pretzels (132g)","Grocery","Cookies",2.99,"531000048255166"
"Christie Thinsations Thinsations, Chocolate Covered Pretzels (132g)","Grocery","Cookies",2.99,"531000020309761"
"Christie Thinsations Thinsations, Chocolate Covered Pretzels (132g)","Grocery","Cookies",2.99,"531000020192785"
"Christie Thinsations Thinsations, Chocolate Covered Pretzels (132g)","Grocery","Cookies",2.99,"531000015232789"
"Christie Thinsations Thinsations, Chocolate Covered Pretzels (132g)","Grocery","Cookies",2.99,"531000013506030"
"Christie Thinsations Thinsations, Chocolate Covered Pretzels (132g)","Grocery","Cookies",2.99,"531000013055095"
"Schneiders Juicy Jumbo Original Wieners (900g)","Meat","Wieners",10.97,"531000091104007"
"Questbar Protein Bar,  Chcolate Cookie Dough (60g)","OTC","Diet Control",3.49,"531000096622573"
"Questbar Protein Bar,  Chcolate Cookie Dough (60g)","OTC","Diet Control",3.49,"531000092961061"
"Questbar Protein Bar,  Chcolate Cookie Dough (60g)","OTC","Diet Control",3.49,"531000077323782"
"Questbar Protein Bar,  Chcolate Cookie Dough (60g)","OTC","Diet Control",3.49,"531000073396637"
"Questbar Protein Bar,  Chcolate Cookie Dough (60g)","OTC","Diet Control",3.49,"531000072974698"
"Mrs. Dash Grilling Blend, Steak (71g)","Grocery","Baking-Spices",3.99,"531000012964410"
"Puritan Beef Stew (410g)","Grocery","Canned Rth",1.85,"531000072461837"
"Puritan Beef Stew (410g)","Grocery","Canned Rth",1.85,"531000037717924"
"Puritan Beef Stew (410g)","Grocery","Canned Rth",1.85,"531000028351387"
"Puritan Beef Stew (410g)","Grocery","Canned Rth",1.85,"531000029723019"
"Dove Baby Bar, Fresh Scent (2x90g)","Baby","Baby Toiletries",2.99,"531000025727799"
"Dove Baby Bar, Fresh Scent (2x90g)","Baby","Baby Toiletries",2.99,"531000057388205"
"No Name Lasagna Pans, Giant (2ea)","Home","Foil-Household",1.97,"531000095085715"
"No Name Lasagna Pans, Giant (2ea)","Home","Foil-Household",1.97,"531000088642061"
"No Name Lasagna Pans, Giant (2ea)","Home","Foil-Household",1.97,"531000071593121"
"No Name Lasagna Pans, Giant (2ea)","Home","Foil-Household",1.97,"531000093559006"
"No Name Lasagna Pans, Giant (2ea)","Home","Foil-Household",1.97,"531000047356736"
"No Name Lasagna Pans, Giant (2ea)","Home","Foil-Household",1.97,"531000016511694"
"Dove Go Fresh Beauty Bar, Cool Moisture (4x90g)","HBA","Soap",5.49,"531000092944190"
"Dove Go Fresh Beauty Bar, Cool Moisture (4x90g)","HBA","Soap",5.49,"531000091385881"
"Dove Go Fresh Beauty Bar, Cool Moisture (4x90g)","HBA","Soap",5.49,"531000091014676"
"Dove Go Fresh Beauty Bar, Cool Moisture (4x90g)","HBA","Soap",5.49,"531000093600731"
"Dove Go Fresh Beauty Bar, Cool Moisture (4x90g)","HBA","Soap",5.49,"531000093487006"
"Dove Go Fresh Beauty Bar, Cool Moisture (4x90g)","HBA","Soap",5.49,"531000091617003"
"Dove Go Fresh Beauty Bar, Cool Moisture (4x90g)","HBA","Soap",5.49,"531000091413882"
"Dove Go Fresh Beauty Bar, Cool Moisture (4x90g)","HBA","Soap",5.49,"531000068066803"
"Dove Go Fresh Beauty Bar, Cool Moisture (4x90g)","HBA","Soap",5.49,"531000028776469"
"Dove Go Fresh Beauty Bar, Cool Moisture (4x90g)","HBA","Soap",5.49,"531000013246532"
"Fibre 1 Chewy Bars, Oats & Chocolate (700g)","Grocery","Nutritional Portable",8.97,"531000099972054"
"Fibre 1 Chewy Bars, Oats & Chocolate (700g)","Grocery","Nutritional Portable",8.97,"531000091316295"
"Fibre 1 Chewy Bars, Oats & Chocolate (700g)","Grocery","Nutritional Portable",8.97,"531000089063202"
"Fibre 1 Chewy Bars, Oats & Chocolate (700g)","Grocery","Nutritional Portable",8.97,"531000094156268"
"Fibre 1 Chewy Bars, Oats & Chocolate (700g)","Grocery","Nutritional Portable",8.97,"531000089443794"
"Fibre 1 Chewy Bars, Oats & Chocolate (700g)","Grocery","Nutritional Portable",8.97,"531000082599189"
"Fibre 1 Chewy Bars, Oats & Chocolate (700g)","Grocery","Nutritional Portable",8.97,"531000094436379"
"Fibre 1 Chewy Bars, Oats & Chocolate (700g)","Grocery","Nutritional Portable",8.97,"531000097855633"
"Fibre 1 Chewy Bars, Oats & Chocolate (700g)","Grocery","Nutritional Portable",8.97,"531000091353655"
"Fibre 1 Chewy Bars, Oats & Chocolate (700g)","Grocery","Nutritional Portable",8.97,"531000072507705"
"Fibre 1 Chewy Bars, Oats & Chocolate (700g)","Grocery","Nutritional Portable",8.97,"531000090956876"
"Fibre 1 Chewy Bars, Oats & Chocolate (700g)","Grocery","Nutritional Portable",8.97,"531000091029187"
"Fibre 1 Chewy Bars, Oats & Chocolate (700g)","Grocery","Nutritional Portable",8.97,"531000097433616"
"Fibre 1 Chewy Bars, Oats & Chocolate (700g)","Grocery","Nutritional Portable",8.97,"531000094751345"
"Fibre 1 Chewy Bars, Oats & Chocolate (700g)","Grocery","Nutritional Portable",8.97,"531000095551762"
"Fibre 1 Chewy Bars, Oats & Chocolate (700g)","Grocery","Nutritional Portable",8.97,"531000074554689"
"Fibre 1 Chewy Bars, Oats & Chocolate (700g)","Grocery","Nutritional Portable",8.97,"531000035594540"
"Fibre 1 Chewy Bars, Oats & Chocolate (700g)","Grocery","Nutritional Portable",8.97,"531000079202769"
"Fibre 1 Chewy Bars, Oats & Chocolate (700g)","Grocery","Nutritional Portable",8.97,"531000041068616"
"Fibre 1 Chewy Bars, Oats & Chocolate (700g)","Grocery","Nutritional Portable",8.97,"531000040674508"
"Fibre 1 Chewy Bars, Oats & Chocolate (700g)","Grocery","Nutritional Portable",8.97,"531000062460970"
"Fibre 1 Chewy Bars, Oats & Chocolate (700g)","Grocery","Nutritional Portable",8.97,"531000036447691"
"Fibre 1 Chewy Bars, Oats & Chocolate (700g)","Grocery","Nutritional Portable",8.97,"531000047615957"
"Fibre 1 Chewy Bars, Oats & Chocolate (700g)","Grocery","Nutritional Portable",8.97,"531000033964712"
"Fibre 1 Chewy Bars, Oats & Chocolate (700g)","Grocery","Nutritional Portable",8.97,"531000042990528"
"Fibre 1 Chewy Bars, Oats & Chocolate (700g)","Grocery","Nutritional Portable",8.97,"531000042315594"
"Fibre 1 Chewy Bars, Oats & Chocolate (700g)","Grocery","Nutritional Portable",8.97,"531000073095684"
"Fibre 1 Chewy Bars, Oats & Chocolate (700g)","Grocery","Nutritional Portable",8.97,"531000034893177"
"Fibre 1 Chewy Bars, Oats & Chocolate (700g)","Grocery","Nutritional Portable",8.97,"531000044290838"
"Fibre 1 Chewy Bars, Oats & Chocolate (700g)","Grocery","Nutritional Portable",8.97,"531000022939579"
"Fibre 1 Chewy Bars, Oats & Chocolate (700g)","Grocery","Nutritional Portable",8.97,"531000018015468"
"Fibre 1 Chewy Bars, Oats & Chocolate (700g)","Grocery","Nutritional Portable",8.97,"531000015392397"
"Fibre 1 Chewy Bars, Oats & Chocolate (700g)","Grocery","Nutritional Portable",8.97,"531000013500274"
"Fibre 1 Chewy Bars, Oats & Chocolate (700g)","Grocery","Nutritional Portable",8.97,"531000013152312"
"Fibre 1 Chewy Bars, Oats & Chocolate (700g)","Grocery","Nutritional Portable",8.97,"531000012983083"
"Durex Sensi-Thin Condoms (24ea)","OTC","Family Planning",15.49,"531000010824675"
"No Name Cat Litter, Scented (10kg)","Grocery","Cat Litter",3.97,"531000099428699"
"No Name Cat Litter, Scented (10kg)","Grocery","Cat Litter",3.97,"531000085170008"
"No Name Cat Litter, Scented (10kg)","Grocery","Cat Litter",3.97,"531000096010484"
"No Name Cat Litter, Scented (10kg)","Grocery","Cat Litter",3.97,"531000071326103"
"No Name Cat Litter, Scented (10kg)","Grocery","Cat Litter",3.97,"531000035840917"
"No Name Cat Litter, Scented (10kg)","Grocery","Cat Litter",3.97,"531000013552245"
"Pringles Potato Chips, Original (37g)","Grocery","Salty Snacks",7.49,"531000023864483"
"Advil 400 Mg Caplets (32ea)","OTC","Analgesics",9.99,"531000098064428"
"Advil 400 Mg Caplets (32ea)","OTC","Analgesics",9.99,"531000095626566"
"Advil 400 Mg Caplets (32ea)","OTC","Analgesics",9.99,"531000097261808"
"Nature Valley Sweet & Salty Chewy Nut Bars, Almond (175g)","Grocery","Nutritional Portable",2.97,"531000099306583"
"Nature Valley Sweet & Salty Chewy Nut Bars, Almond (175g)","Grocery","Nutritional Portable",2.97,"531000097810860"
"Nature Valley Sweet & Salty Chewy Nut Bars, Almond (175g)","Grocery","Nutritional Portable",2.97,"531000097609180"
"Nature Valley Sweet & Salty Chewy Nut Bars, Almond (175g)","Grocery","Nutritional Portable",2.97,"531000094961368"
"Nature Valley Sweet & Salty Chewy Nut Bars, Almond (175g)","Grocery","Nutritional Portable",2.97,"531000091686513"
"Nature Valley Sweet & Salty Chewy Nut Bars, Almond (175g)","Grocery","Nutritional Portable",2.97,"531000094526438"
"Nature Valley Sweet & Salty Chewy Nut Bars, Almond (175g)","Grocery","Nutritional Portable",2.97,"531000087997394"
"Nature Valley Sweet & Salty Chewy Nut Bars, Almond (175g)","Grocery","Nutritional Portable",2.97,"531000091398484"
"Nature Valley Sweet & Salty Chewy Nut Bars, Almond (175g)","Grocery","Nutritional Portable",2.97,"531000090380718"
"Nature Valley Sweet & Salty Chewy Nut Bars, Almond (175g)","Grocery","Nutritional Portable",2.97,"531000091264088"
"Nature Valley Sweet & Salty Chewy Nut Bars, Almond (175g)","Grocery","Nutritional Portable",2.97,"531000086046539"
"Nature Valley Sweet & Salty Chewy Nut Bars, Almond (175g)","Grocery","Nutritional Portable",2.97,"531000089646397"
"Nature Valley Sweet & Salty Chewy Nut Bars, Almond (175g)","Grocery","Nutritional Portable",2.97,"531000096122308"
"Nature Valley Sweet & Salty Chewy Nut Bars, Almond (175g)","Grocery","Nutritional Portable",2.97,"531000095650013"
"Nature Valley Sweet & Salty Chewy Nut Bars, Almond (175g)","Grocery","Nutritional Portable",2.97,"531000091508819"
"Nature Valley Sweet & Salty Chewy Nut Bars, Almond (175g)","Grocery","Nutritional Portable",2.97,"531000095158383"
"Nature Valley Sweet & Salty Chewy Nut Bars, Almond (175g)","Grocery","Nutritional Portable",2.97,"531000094104945"
"Nature Valley Sweet & Salty Chewy Nut Bars, Almond (175g)","Grocery","Nutritional Portable",2.97,"531000091314279"
"Nature Valley Sweet & Salty Chewy Nut Bars, Almond (175g)","Grocery","Nutritional Portable",2.97,"531000082793104"
"Nature Valley Sweet & Salty Chewy Nut Bars, Almond (175g)","Grocery","Nutritional Portable",2.97,"531000090152148"
"Nature Valley Sweet & Salty Chewy Nut Bars, Almond (175g)","Grocery","Nutritional Portable",2.97,"531000089460621"
"Nature Valley Sweet & Salty Chewy Nut Bars, Almond (175g)","Grocery","Nutritional Portable",2.97,"531000090769392"
"Nature Valley Sweet & Salty Chewy Nut Bars, Almond (175g)","Grocery","Nutritional Portable",2.97,"531000092821020"
"Nature Valley Sweet & Salty Chewy Nut Bars, Almond (175g)","Grocery","Nutritional Portable",2.97,"531000090608593"
"Nature Valley Sweet & Salty Chewy Nut Bars, Almond (175g)","Grocery","Nutritional Portable",2.97,"531000091356649"
"Nature Valley Sweet & Salty Chewy Nut Bars, Almond (175g)","Grocery","Nutritional Portable",2.97,"531000091725984"
"Nature Valley Sweet & Salty Chewy Nut Bars, Almond (175g)","Grocery","Nutritional Portable",2.97,"531000097450314"
"Nature Valley Sweet & Salty Chewy Nut Bars, Almond (175g)","Grocery","Nutritional Portable",2.97,"531000068015361"
"Nature Valley Sweet & Salty Chewy Nut Bars, Almond (175g)","Grocery","Nutritional Portable",2.97,"531000097809706"
"Nature Valley Sweet & Salty Chewy Nut Bars, Almond (175g)","Grocery","Nutritional Portable",2.97,"531000097876289"
"Nature Valley Sweet & Salty Chewy Nut Bars, Almond (175g)","Grocery","Nutritional Portable",2.97,"531000092471156"
"Nature Valley Sweet & Salty Chewy Nut Bars, Almond (175g)","Grocery","Nutritional Portable",2.97,"531000100099951"
"Nature Valley Sweet & Salty Chewy Nut Bars, Almond (175g)","Grocery","Nutritional Portable",2.97,"531000098295412"
"Nature Valley Sweet & Salty Chewy Nut Bars, Almond (175g)","Grocery","Nutritional Portable",2.97,"531000099563525"
"Nature Valley Sweet & Salty Chewy Nut Bars, Almond (175g)","Grocery","Nutritional Portable",2.97,"531000077912754"
"Nature Valley Sweet & Salty Chewy Nut Bars, Almond (175g)","Grocery","Nutritional Portable",2.97,"531000070128903"
"Nature Valley Sweet & Salty Chewy Nut Bars, Almond (175g)","Grocery","Nutritional Portable",2.97,"531000058206506"
"Nature Valley Sweet & Salty Chewy Nut Bars, Almond (175g)","Grocery","Nutritional Portable",2.97,"531000055886519"
"Nature Valley Sweet & Salty Chewy Nut Bars, Almond (175g)","Grocery","Nutritional Portable",2.97,"531000066746056"
"Nature Valley Sweet & Salty Chewy Nut Bars, Almond (175g)","Grocery","Nutritional Portable",2.97,"531000063842219"
"Nature Valley Sweet & Salty Chewy Nut Bars, Almond (175g)","Grocery","Nutritional Portable",2.97,"531000094684080"
"Nature Valley Sweet & Salty Chewy Nut Bars, Almond (175g)","Grocery","Nutritional Portable",2.97,"531000099314666"
"Nature Valley Sweet & Salty Chewy Nut Bars, Almond (175g)","Grocery","Nutritional Portable",2.97,"531000049992727"
"Nature Valley Sweet & Salty Chewy Nut Bars, Almond (175g)","Grocery","Nutritional Portable",2.97,"531000071136343"
"Nature Valley Sweet & Salty Chewy Nut Bars, Almond (175g)","Grocery","Nutritional Portable",2.97,"531000048446094"
"Nature Valley Sweet & Salty Chewy Nut Bars, Almond (175g)","Grocery","Nutritional Portable",2.97,"531000095739627"
"Nature Valley Sweet & Salty Chewy Nut Bars, Almond (175g)","Grocery","Nutritional Portable",2.97,"531000067246602"
"Nature Valley Sweet & Salty Chewy Nut Bars, Almond (175g)","Grocery","Nutritional Portable",2.97,"531000070272822"
"Nature Valley Sweet & Salty Chewy Nut Bars, Almond (175g)","Grocery","Nutritional Portable",2.97,"531000062537923"
"Nature Valley Sweet & Salty Chewy Nut Bars, Almond (175g)","Grocery","Nutritional Portable",2.97,"531000074543156"
"Nature Valley Sweet & Salty Chewy Nut Bars, Almond (175g)","Grocery","Nutritional Portable",2.97,"531000047563943"
"Nature Valley Sweet & Salty Chewy Nut Bars, Almond (175g)","Grocery","Nutritional Portable",2.97,"531000027532890"
"Nature Valley Sweet & Salty Chewy Nut Bars, Almond (175g)","Grocery","Nutritional Portable",2.97,"531000025856188"
"Nature Valley Sweet & Salty Chewy Nut Bars, Almond (175g)","Grocery","Nutritional Portable",2.97,"531000031707764"
"Nature Valley Sweet & Salty Chewy Nut Bars, Almond (175g)","Grocery","Nutritional Portable",2.97,"531000068594011"
"Nature Valley Sweet & Salty Chewy Nut Bars, Almond (175g)","Grocery","Nutritional Portable",2.97,"531000022738709"
"Nature Valley Sweet & Salty Chewy Nut Bars, Almond (175g)","Grocery","Nutritional Portable",2.97,"531000016705956"
"Nature Valley Sweet & Salty Chewy Nut Bars, Almond (175g)","Grocery","Nutritional Portable",2.97,"531000014113711"
"Nature Valley Sweet & Salty Chewy Nut Bars, Almond (175g)","Grocery","Nutritional Portable",2.97,"531000023941299"
"Nature Valley Sweet & Salty Chewy Nut Bars, Almond (175g)","Grocery","Nutritional Portable",2.97,"531000013252087"
"Nature Valley Sweet & Salty Chewy Nut Bars, Almond (175g)","Grocery","Nutritional Portable",2.97,"531000012859421"
"No Name Club Pack Marshmallows, Large Club Pack (1kg)","Grocery","Baking Ingredients",3.67,"531000097297935"
"No Name Club Pack Marshmallows, Large Club Pack (1kg)","Grocery","Baking Ingredients",3.67,"531000097045417"
"No Name Club Pack Marshmallows, Large Club Pack (1kg)","Grocery","Baking Ingredients",3.67,"531000091338647"
"No Name Club Pack Marshmallows, Large Club Pack (1kg)","Grocery","Baking Ingredients",3.67,"531000099336610"
"No Name Club Pack Marshmallows, Large Club Pack (1kg)","Grocery","Baking Ingredients",3.67,"531000088802683"
"No Name Club Pack Marshmallows, Large Club Pack (1kg)","Grocery","Baking Ingredients",3.67,"531000092511073"
"No Name Club Pack Marshmallows, Large Club Pack (1kg)","Grocery","Baking Ingredients",3.67,"531000092669592"
"No Name Club Pack Marshmallows, Large Club Pack (1kg)","Grocery","Baking Ingredients",3.67,"531000098689158"
"No Name Club Pack Marshmallows, Large Club Pack (1kg)","Grocery","Baking Ingredients",3.67,"531000076858946"
"No Name Club Pack Marshmallows, Large Club Pack (1kg)","Grocery","Baking Ingredients",3.67,"531000091147571"
"No Name Club Pack Marshmallows, Large Club Pack (1kg)","Grocery","Baking Ingredients",3.67,"531000098625976"
"No Name Club Pack Marshmallows, Large Club Pack (1kg)","Grocery","Baking Ingredients",3.67,"531000099544817"
"No Name Club Pack Marshmallows, Large Club Pack (1kg)","Grocery","Baking Ingredients",3.67,"531000094696780"
"No Name Club Pack Marshmallows, Large Club Pack (1kg)","Grocery","Baking Ingredients",3.67,"531000091301948"
"No Name Club Pack Marshmallows, Large Club Pack (1kg)","Grocery","Baking Ingredients",3.67,"531000052110425"
"No Name Club Pack Marshmallows, Large Club Pack (1kg)","Grocery","Baking Ingredients",3.67,"531000090792689"
"No Name Club Pack Marshmallows, Large Club Pack (1kg)","Grocery","Baking Ingredients",3.67,"531000057679205"
"No Name Club Pack Marshmallows, Large Club Pack (1kg)","Grocery","Baking Ingredients",3.67,"531000094761109"
"No Name Club Pack Marshmallows, Large Club Pack (1kg)","Grocery","Baking Ingredients",3.67,"531000068760086"
"No Name Club Pack Marshmallows, Large Club Pack (1kg)","Grocery","Baking Ingredients",3.67,"531000044585612"
"No Name Club Pack Marshmallows, Large Club Pack (1kg)","Grocery","Baking Ingredients",3.67,"531000073216134"
"No Name Club Pack Marshmallows, Large Club Pack (1kg)","Grocery","Baking Ingredients",3.67,"531000073214114"
"No Name Club Pack Marshmallows, Large Club Pack (1kg)","Grocery","Baking Ingredients",3.67,"531000057672568"
"No Name Club Pack Marshmallows, Large Club Pack (1kg)","Grocery","Baking Ingredients",3.67,"531000052209944"
"No Name Club Pack Marshmallows, Large Club Pack (1kg)","Grocery","Baking Ingredients",3.67,"531000022997545"
"No Name Toilet Paper (24ea)","Grocery","Bathroom Tissue",3.99,"531000041197963"
"No Name Toilet Paper (24ea)","Grocery","Bathroom Tissue",3.99,"531000037507573"
"No Name Toilet Paper (24ea)","Grocery","Bathroom Tissue",3.99,"531000036001736"
"No Name Toilet Paper (24ea)","Grocery","Bathroom Tissue",3.99,"531000034844517"
"No Name Toilet Paper (24ea)","Grocery","Bathroom Tissue",3.99,"531000032226423"
"No Name Toilet Paper (24ea)","Grocery","Bathroom Tissue",3.99,"531000021819846"
"No Name Toilet Paper (24ea)","Grocery","Bathroom Tissue",3.99,"531000016909648"
"No Name Toilet Paper (24ea)","Grocery","Bathroom Tissue",3.99,"531000015496480"
"No Name Toilet Paper (24ea)","Grocery","Bathroom Tissue",3.99,"531000014892908"
"No Name Toilet Paper (24ea)","Grocery","Bathroom Tissue",3.99,"531000013673553"
"No Name Toilet Paper (24ea)","Grocery","Bathroom Tissue",3.99,"531000023873805"
"No Name Toilet Paper (24ea)","Grocery","Bathroom Tissue",3.99,"531000014026193"
"No Name Toilet Paper (24ea)","Grocery","Bathroom Tissue",3.99,"531000013657849"
"No Name Toilet Paper (24ea)","Grocery","Bathroom Tissue",3.99,"531000013346543"
"No Name Toilet Paper (24ea)","Grocery","Bathroom Tissue",3.99,"531000012910594"
"No Name Toilet Paper (24ea)","Grocery","Bathroom Tissue",3.99,"531000012460142"
"No Name Toilet Paper (24ea)","Grocery","Bathroom Tissue",3.99,"531000012893570"
"No Name Toilet Paper (24ea)","Grocery","Bathroom Tissue",3.99,"531000000250241"
"No Name Sockeye Salmon (213g)","Grocery","Canned Fish/Meat",4.07,"531000099383161"
"No Name Sockeye Salmon (213g)","Grocery","Canned Fish/Meat",4.07,"531000093426297"
"No Name Sockeye Salmon (213g)","Grocery","Canned Fish/Meat",4.07,"531000098675616"
"No Name Sockeye Salmon (213g)","Grocery","Canned Fish/Meat",4.07,"531000094739087"
"Real Canadian Natural Spring Water (4L)","Grocery","Water",1.09,"531000095312857"
"Chapman's Cotton Candy Ice Cream (11.4L)","Frozen","Ice Cream",20.97,"1002000000002432"
"Halls Honey Menthols (30ea)","OTC","Cough & Cold",2.99,"531000096261527"
"Halls Honey Menthols (30ea)","OTC","Cough & Cold",2.99,"531000022086023"
"Lipton Sidekicks Potatoes with Roasted Chicken (148g)","Grocery","Side Dish/Rice",0,"531000095779502"
"Lipton Sidekicks Potatoes with Roasted Chicken (148g)","Grocery","Side Dish/Rice",0,"531000071380967"
"Lipton Sidekicks Potatoes with Roasted Chicken (148g)","Grocery","Side Dish/Rice",0,"531000028337812"
"Sprite (2L)","Grocery","Carbonated Soft Drin",1.97,"531000100085381"
"Sprite (2L)","Grocery","Carbonated Soft Drin",1.97,"531000099950676"
"Sprite (2L)","Grocery","Carbonated Soft Drin",1.97,"531000091400305"
"Sprite (2L)","Grocery","Carbonated Soft Drin",1.97,"531000089869374"
"Sprite (2L)","Grocery","Carbonated Soft Drin",1.97,"531000092899992"
"Sprite (2L)","Grocery","Carbonated Soft Drin",1.97,"531000087597849"
"Sprite (2L)","Grocery","Carbonated Soft Drin",1.97,"531000088266632"
"Sprite (2L)","Grocery","Carbonated Soft Drin",1.97,"531000094275075"
"Sprite (2L)","Grocery","Carbonated Soft Drin",1.97,"531000079547621"
"Sprite (2L)","Grocery","Carbonated Soft Drin",1.97,"531000092033343"
"Sprite (2L)","Grocery","Carbonated Soft Drin",1.97,"531000091610152"
"Sprite (2L)","Grocery","Carbonated Soft Drin",1.97,"531000097782112"
"Sprite (2L)","Grocery","Carbonated Soft Drin",1.97,"531000096049610"
"Sprite (2L)","Grocery","Carbonated Soft Drin",1.97,"531000084871180"
"Sprite (2L)","Grocery","Carbonated Soft Drin",1.97,"531000071498932"
"Sprite (2L)","Grocery","Carbonated Soft Drin",1.97,"531000070574059"
"Sprite (2L)","Grocery","Carbonated Soft Drin",1.97,"531000094855909"
"Sprite (2L)","Grocery","Carbonated Soft Drin",1.97,"531000059898449"
"Sprite (2L)","Grocery","Carbonated Soft Drin",1.97,"531000049058056"
"Sprite (2L)","Grocery","Carbonated Soft Drin",1.97,"531000069593631"
"Sprite (2L)","Grocery","Carbonated Soft Drin",1.97,"531000067781884"
"Sprite (2L)","Grocery","Carbonated Soft Drin",1.97,"531000090895024"
"Sprite (2L)","Grocery","Carbonated Soft Drin",1.97,"531000097145170"
"Sprite (2L)","Grocery","Carbonated Soft Drin",1.97,"531000043742354"
"Sprite (2L)","Grocery","Carbonated Soft Drin",1.97,"531000022990295"
"Sprite (2L)","Grocery","Carbonated Soft Drin",1.97,"531000025604445"
"Sprite (2L)","Grocery","Carbonated Soft Drin",1.97,"531000016008317"
"Sprite (2L)","Grocery","Carbonated Soft Drin",1.97,"531000013477927"
"Frozen Grade A Turkey, Whole (11 kg - up)","Meat","Fresh-Poultry",5,"531000030955373"
"Frozen Grade A Turkey, Whole (11 kg - up)","Meat","Fresh-Poultry",5,"531000030955358"
"Frozen Grade A Turkey, Whole (11 kg - up)","Meat","Fresh-Poultry",5,"531000030955144"
"Frozen Grade A Turkey, Whole (11 kg - up)","Meat","Fresh-Poultry",5,"531000030955132"
"Frozen Grade A Turkey, Whole (11 kg - up)","Meat","Fresh-Poultry",5,"531000030621075"
"Frozen Grade A Turkey, Whole (11 kg - up)","Meat","Fresh-Poultry",5,"531000085810876"
"Herbal Essences Naked Shampoo, Moisture (300mL)","Beauty Products","Haircare",3.99,"531000098613585"
"Herbal Essences Naked Shampoo, Moisture (300mL)","Beauty Products","Haircare",3.99,"531000070401903"
"No Name Ice Milk, Chocolate (4L)","Frozen","Ice Cream",5.49,"531000030653010"
"No Name Ice Milk, Chocolate (4L)","Frozen","Ice Cream",5.49,"531000018311383"
"7Up Mini Cans (6x222mL)","Grocery","Carbonated Soft Drin",2.97,"531000066731247"
"7Up Mini Cans (6x222mL)","Grocery","Carbonated Soft Drin",2.97,"531000072648880"
"7Up Mini Cans (6x222mL)","Grocery","Carbonated Soft Drin",2.97,"531000017594690"
"7Up Mini Cans (6x222mL)","Grocery","Carbonated Soft Drin",2.97,"531000015157287"
"Touch Paper Wrapped Toothpicks, Mint (250pack)","Home","Disposable Picnic",0,"531000095625973"
"Touch Paper Wrapped Toothpicks, Mint (250pack)","Home","Disposable Picnic",0,"531000095628215"
"Touch Paper Wrapped Toothpicks, Mint (250pack)","Home","Disposable Picnic",0,"531000078537619"
"Touch Paper Wrapped Toothpicks, Mint (250pack)","Home","Disposable Picnic",0,"531000071152480"
"Classico Pesto Di Genova, Basil (218mL)","Grocery","Sauces/Marinades",4.27,"531000099932906"
"Classico Pesto Di Genova, Basil (218mL)","Grocery","Sauces/Marinades",4.27,"531000098061500"
"Classico Pesto Di Genova, Basil (218mL)","Grocery","Sauces/Marinades",4.27,"531000097330399"
"Classico Pesto Di Genova, Basil (218mL)","Grocery","Sauces/Marinades",4.27,"531000093622293"
"Classico Pesto Di Genova, Basil (218mL)","Grocery","Sauces/Marinades",4.27,"531000095844245"
"Classico Pesto Di Genova, Basil (218mL)","Grocery","Sauces/Marinades",4.27,"531000095531113"
"Classico Pesto Di Genova, Basil (218mL)","Grocery","Sauces/Marinades",4.27,"531000093719444"
"Classico Pesto Di Genova, Basil (218mL)","Grocery","Sauces/Marinades",4.27,"531000089055420"
"Classico Pesto Di Genova, Basil (218mL)","Grocery","Sauces/Marinades",4.27,"531000093927226"
"Classico Pesto Di Genova, Basil (218mL)","Grocery","Sauces/Marinades",4.27,"531000093920321"
"Classico Pesto Di Genova, Basil (218mL)","Grocery","Sauces/Marinades",4.27,"531000091531715"
"Classico Pesto Di Genova, Basil (218mL)","Grocery","Sauces/Marinades",4.27,"531000091008595"
"Classico Pesto Di Genova, Basil (218mL)","Grocery","Sauces/Marinades",4.27,"531000093411304"
"Classico Pesto Di Genova, Basil (218mL)","Grocery","Sauces/Marinades",4.27,"531000093551319"
"Classico Pesto Di Genova, Basil (218mL)","Grocery","Sauces/Marinades",4.27,"531000089468804"
"Classico Pesto Di Genova, Basil (218mL)","Grocery","Sauces/Marinades",4.27,"531000088561328"
"Classico Pesto Di Genova, Basil (218mL)","Grocery","Sauces/Marinades",4.27,"531000085874490"
"Classico Pesto Di Genova, Basil (218mL)","Grocery","Sauces/Marinades",4.27,"531000092876408"
"Classico Pesto Di Genova, Basil (218mL)","Grocery","Sauces/Marinades",4.27,"531000089167598"
"Classico Pesto Di Genova, Basil (218mL)","Grocery","Sauces/Marinades",4.27,"531000091162322"
"Classico Pesto Di Genova, Basil (218mL)","Grocery","Sauces/Marinades",4.27,"531000091031513"
"Classico Pesto Di Genova, Basil (218mL)","Grocery","Sauces/Marinades",4.27,"531000096854731"
"Classico Pesto Di Genova, Basil (218mL)","Grocery","Sauces/Marinades",4.27,"531000095407151"
"Classico Pesto Di Genova, Basil (218mL)","Grocery","Sauces/Marinades",4.27,"531000094479149"
"Classico Pesto Di Genova, Basil (218mL)","Grocery","Sauces/Marinades",4.27,"531000091314279"
"Classico Pesto Di Genova, Basil (218mL)","Grocery","Sauces/Marinades",4.27,"531000089342339"
"Classico Pesto Di Genova, Basil (218mL)","Grocery","Sauces/Marinades",4.27,"531000097351649"
"Classico Pesto Di Genova, Basil (218mL)","Grocery","Sauces/Marinades",4.27,"531000097865073"
"Classico Pesto Di Genova, Basil (218mL)","Grocery","Sauces/Marinades",4.27,"531000086319325"
"Classico Pesto Di Genova, Basil (218mL)","Grocery","Sauces/Marinades",4.27,"531000096587500"
"Classico Pesto Di Genova, Basil (218mL)","Grocery","Sauces/Marinades",4.27,"531000077116241"
"Classico Pesto Di Genova, Basil (218mL)","Grocery","Sauces/Marinades",4.27,"531000096280499"
"Classico Pesto Di Genova, Basil (218mL)","Grocery","Sauces/Marinades",4.27,"531000092485462"
"Classico Pesto Di Genova, Basil (218mL)","Grocery","Sauces/Marinades",4.27,"531000068452361"
"Classico Pesto Di Genova, Basil (218mL)","Grocery","Sauces/Marinades",4.27,"531000072195775"
"Classico Pesto Di Genova, Basil (218mL)","Grocery","Sauces/Marinades",4.27,"531000080718034"
"Classico Pesto Di Genova, Basil (218mL)","Grocery","Sauces/Marinades",4.27,"531000099881201"
"Classico Pesto Di Genova, Basil (218mL)","Grocery","Sauces/Marinades",4.27,"531000084885531"
"Classico Pesto Di Genova, Basil (218mL)","Grocery","Sauces/Marinades",4.27,"531000072837930"
"Classico Pesto Di Genova, Basil (218mL)","Grocery","Sauces/Marinades",4.27,"531000052081706"
"Classico Pesto Di Genova, Basil (218mL)","Grocery","Sauces/Marinades",4.27,"531000071401869"
"Classico Pesto Di Genova, Basil (218mL)","Grocery","Sauces/Marinades",4.27,"531000048314785"
"Classico Pesto Di Genova, Basil (218mL)","Grocery","Sauces/Marinades",4.27,"531000047269284"
"Classico Pesto Di Genova, Basil (218mL)","Grocery","Sauces/Marinades",4.27,"531000097634128"
"Classico Pesto Di Genova, Basil (218mL)","Grocery","Sauces/Marinades",4.27,"531000095862184"
"Classico Pesto Di Genova, Basil (218mL)","Grocery","Sauces/Marinades",4.27,"531000041948684"
"Classico Pesto Di Genova, Basil (218mL)","Grocery","Sauces/Marinades",4.27,"531000053198566"
"Classico Pesto Di Genova, Basil (218mL)","Grocery","Sauces/Marinades",4.27,"531000094504473"
"Classico Pesto Di Genova, Basil (218mL)","Grocery","Sauces/Marinades",4.27,"531000024322336"
"Classico Pesto Di Genova, Basil (218mL)","Grocery","Sauces/Marinades",4.27,"531000030164100"
"Classico Pesto Di Genova, Basil (218mL)","Grocery","Sauces/Marinades",4.27,"531000029960991"
"Classico Pesto Di Genova, Basil (218mL)","Grocery","Sauces/Marinades",4.27,"531000028911598"
"Classico Pesto Di Genova, Basil (218mL)","Grocery","Sauces/Marinades",4.27,"531000067170049"
"Classico Pesto Di Genova, Basil (218mL)","Grocery","Sauces/Marinades",4.27,"531000020851868"
"Classico Pesto Di Genova, Basil (218mL)","Grocery","Sauces/Marinades",4.27,"531000024712248"
"Classico Pesto Di Genova, Basil (218mL)","Grocery","Sauces/Marinades",4.27,"531000024850841"
"Classico Pesto Di Genova, Basil (218mL)","Grocery","Sauces/Marinades",4.27,"531000022703283"
"Classico Pesto Di Genova, Basil (218mL)","Grocery","Sauces/Marinades",4.27,"531000036391142"
"Classico Pesto Di Genova, Basil (218mL)","Grocery","Sauces/Marinades",4.27,"531000016937762"
"Classico Pesto Di Genova, Basil (218mL)","Grocery","Sauces/Marinades",4.27,"531000026791347"
"Classico Pesto Di Genova, Basil (218mL)","Grocery","Sauces/Marinades",4.27,"531000020088776"
"Classico Pesto Di Genova, Basil (218mL)","Grocery","Sauces/Marinades",4.27,"531000016022331"
"Classico Pesto Di Genova, Basil (218mL)","Grocery","Sauces/Marinades",4.27,"531000014569250"
"Classico Pesto Di Genova, Basil (218mL)","Grocery","Sauces/Marinades",4.27,"531000014442283"
"Classico Pesto Di Genova, Basil (218mL)","Grocery","Sauces/Marinades",4.27,"531000014064629"
"Classico Pesto Di Genova, Basil (218mL)","Grocery","Sauces/Marinades",4.27,"531000013754439"
"Classico Pesto Di Genova, Basil (218mL)","Grocery","Sauces/Marinades",4.27,"531000013805560"
"Classico Pesto Di Genova, Basil (218mL)","Grocery","Sauces/Marinades",4.27,"531000020089317"
"Classico Pesto Di Genova, Basil (218mL)","Grocery","Sauces/Marinades",4.27,"531000013335269"
"Classico Pesto Di Genova, Basil (218mL)","Grocery","Sauces/Marinades",4.27,"531000013335830"
"Classico Pesto Di Genova, Basil (218mL)","Grocery","Sauces/Marinades",4.27,"531000012858807"
"Classico Pesto Di Genova, Basil (218mL)","Grocery","Sauces/Marinades",4.27,"531000012892050"
"Classico Pesto Di Genova, Basil (218mL)","Grocery","Sauces/Marinades",4.27,"531000012856065"
"Tropicana Pure Premium, Original No Pulp (1.75L)","Dairy","Juices & Drinks-Refr",4.77,"531000050131190"
"Tropicana Pure Premium, Original No Pulp (1.75L)","Dairy","Juices & Drinks-Refr",4.77,"531000047806826"
"Tropicana Pure Premium, Original No Pulp (1.75L)","Dairy","Juices & Drinks-Refr",4.77,"531000047818244"
"Tropicana Pure Premium, Original No Pulp (1.75L)","Dairy","Juices & Drinks-Refr",4.77,"531000047774993"
"Tropicana Pure Premium, Original No Pulp (1.75L)","Dairy","Juices & Drinks-Refr",4.77,"531000045141744"
"Tropicana Pure Premium, Original No Pulp (1.75L)","Dairy","Juices & Drinks-Refr",4.77,"531000044131236"
"Tropicana Pure Premium, Original No Pulp (1.75L)","Dairy","Juices & Drinks-Refr",4.77,"531000037944049"
"Tropicana Pure Premium, Original No Pulp (1.75L)","Dairy","Juices & Drinks-Refr",4.77,"531000036520432"
"Tropicana Pure Premium, Original No Pulp (1.75L)","Dairy","Juices & Drinks-Refr",4.77,"531000047679351"
"Tropicana Pure Premium, Original No Pulp (1.75L)","Dairy","Juices & Drinks-Refr",4.77,"531000034771906"
"Tropicana Pure Premium, Original No Pulp (1.75L)","Dairy","Juices & Drinks-Refr",4.77,"531000046433296"
"Tropicana Pure Premium, Original No Pulp (1.75L)","Dairy","Juices & Drinks-Refr",4.77,"531000033547803"
"Tropicana Pure Premium, Original No Pulp (1.75L)","Dairy","Juices & Drinks-Refr",4.77,"531000043025017"
"Tropicana Pure Premium, Original No Pulp (1.75L)","Dairy","Juices & Drinks-Refr",4.77,"531000031469426"
"Tropicana Pure Premium, Original No Pulp (1.75L)","Dairy","Juices & Drinks-Refr",4.77,"531000031292006"
"Tropicana Pure Premium, Original No Pulp (1.75L)","Dairy","Juices & Drinks-Refr",4.77,"531000039621819"
"Tropicana Pure Premium, Original No Pulp (1.75L)","Dairy","Juices & Drinks-Refr",4.77,"531000037386733"
"Tropicana Pure Premium, Original No Pulp (1.75L)","Dairy","Juices & Drinks-Refr",4.77,"531000029321711"
"Tropicana Pure Premium, Original No Pulp (1.75L)","Dairy","Juices & Drinks-Refr",4.77,"531000027688099"
"Tropicana Pure Premium, Original No Pulp (1.75L)","Dairy","Juices & Drinks-Refr",4.77,"531000027678956"
"Tropicana Pure Premium, Original No Pulp (1.75L)","Dairy","Juices & Drinks-Refr",4.77,"531000034658143"
"Tropicana Pure Premium, Original No Pulp (1.75L)","Dairy","Juices & Drinks-Refr",4.77,"531000026803268"
"Tropicana Pure Premium, Original No Pulp (1.75L)","Dairy","Juices & Drinks-Refr",4.77,"531000044345763"
"Tropicana Pure Premium, Original No Pulp (1.75L)","Dairy","Juices & Drinks-Refr",4.77,"531000032435619"
"Tropicana Pure Premium, Original No Pulp (1.75L)","Dairy","Juices & Drinks-Refr",4.77,"531000042429269"
"Tropicana Pure Premium, Original No Pulp (1.75L)","Dairy","Juices & Drinks-Refr",4.77,"531000024938737"
"Tropicana Pure Premium, Original No Pulp (1.75L)","Dairy","Juices & Drinks-Refr",4.77,"531000031089653"
"Tropicana Pure Premium, Original No Pulp (1.75L)","Dairy","Juices & Drinks-Refr",4.77,"531000023054623"
"Tropicana Pure Premium, Original No Pulp (1.75L)","Dairy","Juices & Drinks-Refr",4.77,"531000026520914"
"Tropicana Pure Premium, Original No Pulp (1.75L)","Dairy","Juices & Drinks-Refr",4.77,"531000044226975"
"Tropicana Pure Premium, Original No Pulp (1.75L)","Dairy","Juices & Drinks-Refr",4.77,"531000020304211"
"Tropicana Pure Premium, Original No Pulp (1.75L)","Dairy","Juices & Drinks-Refr",4.77,"531000032705757"
"Tropicana Pure Premium, Original No Pulp (1.75L)","Dairy","Juices & Drinks-Refr",4.77,"531000025711288"
"Tropicana Pure Premium, Original No Pulp (1.75L)","Dairy","Juices & Drinks-Refr",4.77,"531000031702686"
"Tropicana Pure Premium, Original No Pulp (1.75L)","Dairy","Juices & Drinks-Refr",4.77,"531000019080192"
"Tropicana Pure Premium, Original No Pulp (1.75L)","Dairy","Juices & Drinks-Refr",4.77,"531000030983664"
"Tropicana Pure Premium, Original No Pulp (1.75L)","Dairy","Juices & Drinks-Refr",4.77,"531000031422725"
"Tropicana Pure Premium, Original No Pulp (1.75L)","Dairy","Juices & Drinks-Refr",4.77,"531000023399539"
"Tropicana Pure Premium, Original No Pulp (1.75L)","Dairy","Juices & Drinks-Refr",4.77,"531000018173271"
"Tropicana Pure Premium, Original No Pulp (1.75L)","Dairy","Juices & Drinks-Refr",4.77,"531000017601810"
"Tropicana Pure Premium, Original No Pulp (1.75L)","Dairy","Juices & Drinks-Refr",4.77,"531000017931918"
"Tropicana Pure Premium, Original No Pulp (1.75L)","Dairy","Juices & Drinks-Refr",4.77,"531000036989159"
"Tropicana Pure Premium, Original No Pulp (1.75L)","Dairy","Juices & Drinks-Refr",4.77,"531000036221384"
"Tropicana Pure Premium, Original No Pulp (1.75L)","Dairy","Juices & Drinks-Refr",4.77,"531000017599580"
"Tropicana Pure Premium, Original No Pulp (1.75L)","Dairy","Juices & Drinks-Refr",4.77,"531000021964529"
"Tropicana Pure Premium, Original No Pulp (1.75L)","Dairy","Juices & Drinks-Refr",4.77,"531000016799919"
"Tropicana Pure Premium, Original No Pulp (1.75L)","Dairy","Juices & Drinks-Refr",4.77,"531000027354313"
"Tropicana Pure Premium, Original No Pulp (1.75L)","Dairy","Juices & Drinks-Refr",4.77,"531000016614813"
"Tropicana Pure Premium, Original No Pulp (1.75L)","Dairy","Juices & Drinks-Refr",4.77,"531000025952913"
"Tropicana Pure Premium, Original No Pulp (1.75L)","Dairy","Juices & Drinks-Refr",4.77,"531000019415281"
"Tropicana Pure Premium, Original No Pulp (1.75L)","Dairy","Juices & Drinks-Refr",4.77,"531000016190590"
"Tropicana Pure Premium, Original No Pulp (1.75L)","Dairy","Juices & Drinks-Refr",4.77,"531000015886054"
"Tropicana Pure Premium, Original No Pulp (1.75L)","Dairy","Juices & Drinks-Refr",4.77,"531000016262664"
"Tropicana Pure Premium, Original No Pulp (1.75L)","Dairy","Juices & Drinks-Refr",4.77,"531000015825029"
"Tropicana Pure Premium, Original No Pulp (1.75L)","Dairy","Juices & Drinks-Refr",4.77,"531000015717780"
"Tropicana Pure Premium, Original No Pulp (1.75L)","Dairy","Juices & Drinks-Refr",4.77,"531000016060150"
"Tropicana Pure Premium, Original No Pulp (1.75L)","Dairy","Juices & Drinks-Refr",4.77,"531000016064842"
"Tropicana Pure Premium, Original No Pulp (1.75L)","Dairy","Juices & Drinks-Refr",4.77,"531000015501208"
"Tropicana Pure Premium, Original No Pulp (1.75L)","Dairy","Juices & Drinks-Refr",4.77,"531000015808650"
"Tropicana Pure Premium, Original No Pulp (1.75L)","Dairy","Juices & Drinks-Refr",4.77,"531000015009322"
"Tropicana Pure Premium, Original No Pulp (1.75L)","Dairy","Juices & Drinks-Refr",4.77,"531000015800430"
"Tropicana Pure Premium, Original No Pulp (1.75L)","Dairy","Juices & Drinks-Refr",4.77,"531000014706668"
"Tropicana Pure Premium, Original No Pulp (1.75L)","Dairy","Juices & Drinks-Refr",4.77,"531000014691731"
"Tropicana Pure Premium, Original No Pulp (1.75L)","Dairy","Juices & Drinks-Refr",4.77,"531000015884378"
"Tropicana Pure Premium, Original No Pulp (1.75L)","Dairy","Juices & Drinks-Refr",4.77,"531000014347105"
"Tropicana Pure Premium, Original No Pulp (1.75L)","Dairy","Juices & Drinks-Refr",4.77,"531000014297368"
"Tropicana Pure Premium, Original No Pulp (1.75L)","Dairy","Juices & Drinks-Refr",4.77,"531000014116439"
"Tropicana Pure Premium, Original No Pulp (1.75L)","Dairy","Juices & Drinks-Refr",4.77,"531000014091364"
"Tropicana Pure Premium, Original No Pulp (1.75L)","Dairy","Juices & Drinks-Refr",4.77,"531000012126780"
"Tropicana Pure Premium, Original No Pulp (1.75L)","Dairy","Juices & Drinks-Refr",4.77,"531000014099804"
"Tropicana Pure Premium, Original No Pulp (1.75L)","Dairy","Juices & Drinks-Refr",4.77,"531000013505823"
"Tropicana Pure Premium, Original No Pulp (1.75L)","Dairy","Juices & Drinks-Refr",4.77,"531000014514953"
"Tropicana Pure Premium, Original No Pulp (1.75L)","Dairy","Juices & Drinks-Refr",4.77,"531000050829253"
"Tropicana Pure Premium, Original No Pulp (1.75L)","Dairy","Juices & Drinks-Refr",4.77,"531000013836358"
"Tropicana Pure Premium, Original No Pulp (1.75L)","Dairy","Juices & Drinks-Refr",4.77,"531000013501753"
"Tropicana Pure Premium, Original No Pulp (1.75L)","Dairy","Juices & Drinks-Refr",4.77,"531000014057032"
"Tropicana Pure Premium, Original No Pulp (1.75L)","Dairy","Juices & Drinks-Refr",4.77,"531000013567005"
"Tropicana Pure Premium, Original No Pulp (1.75L)","Dairy","Juices & Drinks-Refr",4.77,"531000013367072"
"Tropicana Pure Premium, Original No Pulp (1.75L)","Dairy","Juices & Drinks-Refr",4.77,"531000013140415"
"Tropicana Pure Premium, Original No Pulp (1.75L)","Dairy","Juices & Drinks-Refr",4.77,"531000013402160"
"Tropicana Pure Premium, Original No Pulp (1.75L)","Dairy","Juices & Drinks-Refr",4.77,"531000014204738"
"Tropicana Pure Premium, Original No Pulp (1.75L)","Dairy","Juices & Drinks-Refr",4.77,"531000013651819"
"Tropicana Pure Premium, Original No Pulp (1.75L)","Dairy","Juices & Drinks-Refr",4.77,"531000013359679"
"Tropicana Pure Premium, Original No Pulp (1.75L)","Dairy","Juices & Drinks-Refr",4.77,"531000013328845"
"Tropicana Pure Premium, Original No Pulp (1.75L)","Dairy","Juices & Drinks-Refr",4.77,"531000009592165"
"Tropicana Pure Premium, Original No Pulp (1.75L)","Dairy","Juices & Drinks-Refr",4.77,"531000009545955"
"Tropicana Pure Premium, Original No Pulp (1.75L)","Dairy","Juices & Drinks-Refr",4.77,"531000013037398"
"Tropicana Pure Premium, Original No Pulp (1.75L)","Dairy","Juices & Drinks-Refr",4.77,"531000013160515"
"Tropicana Pure Premium, Original No Pulp (1.75L)","Dairy","Juices & Drinks-Refr",4.77,"531000008539338"
"Tropicana Pure Premium, Original No Pulp (1.75L)","Dairy","Juices & Drinks-Refr",4.77,"531000013254726"
"Tropicana Pure Premium, Original No Pulp (1.75L)","Dairy","Juices & Drinks-Refr",4.77,"531000013292597"
"Tropicana Pure Premium, Original No Pulp (1.75L)","Dairy","Juices & Drinks-Refr",4.77,"531000012765538"
"Tropicana Pure Premium, Original No Pulp (1.75L)","Dairy","Juices & Drinks-Refr",4.77,"531000006640327"
"Tropicana Pure Premium, Original No Pulp (1.75L)","Dairy","Juices & Drinks-Refr",4.77,"531000013113566"
"Tropicana Pure Premium, Original No Pulp (1.75L)","Dairy","Juices & Drinks-Refr",4.77,"531000012694852"
"Tropicana Pure Premium, Original No Pulp (1.75L)","Dairy","Juices & Drinks-Refr",4.77,"531000012686154"
"Tropicana Pure Premium, Original No Pulp (1.75L)","Dairy","Juices & Drinks-Refr",4.77,"531000012691653"
"Tropicana Pure Premium, Original No Pulp (1.75L)","Dairy","Juices & Drinks-Refr",4.77,"531000012733508"
"Tropicana Pure Premium, Original No Pulp (1.75L)","Dairy","Juices & Drinks-Refr",4.77,"531000012191191"
"Tropicana Pure Premium, Original No Pulp (1.75L)","Dairy","Juices & Drinks-Refr",4.77,"531000012728344"
"Tropicana Pure Premium, Original No Pulp (1.75L)","Dairy","Juices & Drinks-Refr",4.77,"531000012688768"
"No Name Club Pack Sweetened Shredded Coconut (1kg)","Grocery","Baking Ingredients",6.67,"531000099680870"
"No Name Club Pack Sweetened Shredded Coconut (1kg)","Grocery","Baking Ingredients",6.67,"531000099392922"
"No Name Club Pack Sweetened Shredded Coconut (1kg)","Grocery","Baking Ingredients",6.67,"531000090366051"
"No Name Club Pack Sweetened Shredded Coconut (1kg)","Grocery","Baking Ingredients",6.67,"531000074092420"
"No Name Club Pack Sweetened Shredded Coconut (1kg)","Grocery","Baking Ingredients",6.67,"531000048645222"
"No Name Club Pack Sweetened Shredded Coconut (1kg)","Grocery","Baking Ingredients",6.67,"531000053359550"
"No Name Club Pack Sweetened Shredded Coconut (1kg)","Grocery","Baking Ingredients",6.67,"531000015448719"
"President's Choice Long Life Alkaline Batteries, C (8ea)","Entertainment","Batteries",10.49,"531000024728078"
"President's Choice Long Life Alkaline Batteries, C (8ea)","Entertainment","Batteries",10.49,"531000014693378"
"Lilydale Oven Roasted Turkey Breast, Sliced (400g)","Deli","Self Serve Deli Meat",8.47,"531000093410482"
"Lilydale Oven Roasted Turkey Breast, Sliced (400g)","Deli","Self Serve Deli Meat",8.47,"531000089271683"
"Lilydale Oven Roasted Turkey Breast, Sliced (400g)","Deli","Self Serve Deli Meat",8.47,"531000076246136"
"Lilydale Oven Roasted Turkey Breast, Sliced (400g)","Deli","Self Serve Deli Meat",8.47,"531000079419322"
"Lilydale Oven Roasted Turkey Breast, Sliced (400g)","Deli","Self Serve Deli Meat",8.47,"531000093138001"
"Lilydale Oven Roasted Turkey Breast, Sliced (400g)","Deli","Self Serve Deli Meat",8.47,"531000083190652"
"Lilydale Oven Roasted Turkey Breast, Sliced (400g)","Deli","Self Serve Deli Meat",8.47,"531000072209975"
"Lilydale Oven Roasted Turkey Breast, Sliced (400g)","Deli","Self Serve Deli Meat",8.47,"531000086105957"
"Lilydale Oven Roasted Turkey Breast, Sliced (400g)","Deli","Self Serve Deli Meat",8.47,"531000097547524"
"Lilydale Oven Roasted Turkey Breast, Sliced (400g)","Deli","Self Serve Deli Meat",8.47,"531000075566460"
"Lilydale Oven Roasted Turkey Breast, Sliced (400g)","Deli","Self Serve Deli Meat",8.47,"531000067295867"
"Lilydale Oven Roasted Turkey Breast, Sliced (400g)","Deli","Self Serve Deli Meat",8.47,"531000090361593"
"Lilydale Oven Roasted Turkey Breast, Sliced (400g)","Deli","Self Serve Deli Meat",8.47,"531000049743451"
"Lilydale Oven Roasted Turkey Breast, Sliced (400g)","Deli","Self Serve Deli Meat",8.47,"531000056681575"
"Lilydale Oven Roasted Turkey Breast, Sliced (400g)","Deli","Self Serve Deli Meat",8.47,"531000086055825"
"Lilydale Oven Roasted Turkey Breast, Sliced (400g)","Deli","Self Serve Deli Meat",8.47,"531000072992155"
"Lilydale Oven Roasted Turkey Breast, Sliced (400g)","Deli","Self Serve Deli Meat",8.47,"531000075095421"
"Lilydale Oven Roasted Turkey Breast, Sliced (400g)","Deli","Self Serve Deli Meat",8.47,"531000033740606"
"Lilydale Oven Roasted Turkey Breast, Sliced (400g)","Deli","Self Serve Deli Meat",8.47,"531000076523709"
"Lilydale Oven Roasted Turkey Breast, Sliced (400g)","Deli","Self Serve Deli Meat",8.47,"531000028885621"
"Lilydale Oven Roasted Turkey Breast, Sliced (400g)","Deli","Self Serve Deli Meat",8.47,"531000019239612"
"Lilydale Oven Roasted Turkey Breast, Sliced (400g)","Deli","Self Serve Deli Meat",8.47,"531000062886816"
"Lilydale Oven Roasted Turkey Breast, Sliced (400g)","Deli","Self Serve Deli Meat",8.47,"531000014941554"
"Lilydale Oven Roasted Turkey Breast, Sliced (400g)","Deli","Self Serve Deli Meat",8.47,"531000014622107"
"Lilydale Oven Roasted Turkey Breast, Sliced (400g)","Deli","Self Serve Deli Meat",8.47,"531000014094448"
"Lilydale Oven Roasted Turkey Breast, Sliced (400g)","Deli","Self Serve Deli Meat",8.47,"531000008629272"
"IÖGO Yogurt Duo, Pineapple-Coconut-Banana/Lychee-Raspberry/Orange-Mandarin/Peach-Mango (16x100g)","Dairy","Yogurt",6.97,"531000092609987"
"IÖGO Yogurt Duo, Pineapple-Coconut-Banana/Lychee-Raspberry/Orange-Mandarin/Peach-Mango (16x100g)","Dairy","Yogurt",6.97,"531000091335324"
"IÖGO Yogurt Duo, Pineapple-Coconut-Banana/Lychee-Raspberry/Orange-Mandarin/Peach-Mango (16x100g)","Dairy","Yogurt",6.97,"531000084555618"
"IÖGO Yogurt Duo, Pineapple-Coconut-Banana/Lychee-Raspberry/Orange-Mandarin/Peach-Mango (16x100g)","Dairy","Yogurt",6.97,"531000095730196"
"IÖGO Yogurt Duo, Pineapple-Coconut-Banana/Lychee-Raspberry/Orange-Mandarin/Peach-Mango (16x100g)","Dairy","Yogurt",6.97,"531000065267052"
"IÖGO Yogurt Duo, Pineapple-Coconut-Banana/Lychee-Raspberry/Orange-Mandarin/Peach-Mango (16x100g)","Dairy","Yogurt",6.97,"531000047819275"
"IÖGO Yogurt Duo, Pineapple-Coconut-Banana/Lychee-Raspberry/Orange-Mandarin/Peach-Mango (16x100g)","Dairy","Yogurt",6.97,"531000037087172"
"IÖGO Yogurt Duo, Pineapple-Coconut-Banana/Lychee-Raspberry/Orange-Mandarin/Peach-Mango (16x100g)","Dairy","Yogurt",6.97,"531000037087179"
"IÖGO Yogurt Duo, Pineapple-Coconut-Banana/Lychee-Raspberry/Orange-Mandarin/Peach-Mango (16x100g)","Dairy","Yogurt",6.97,"531000034872967"
"IÖGO Yogurt Duo, Pineapple-Coconut-Banana/Lychee-Raspberry/Orange-Mandarin/Peach-Mango (16x100g)","Dairy","Yogurt",6.97,"531000091408653"
"IÖGO Yogurt Duo, Pineapple-Coconut-Banana/Lychee-Raspberry/Orange-Mandarin/Peach-Mango (16x100g)","Dairy","Yogurt",6.97,"531000022231610"
"IÖGO Yogurt Duo, Pineapple-Coconut-Banana/Lychee-Raspberry/Orange-Mandarin/Peach-Mango (16x100g)","Dairy","Yogurt",6.97,"531000020413660"
"IÖGO Yogurt Duo, Pineapple-Coconut-Banana/Lychee-Raspberry/Orange-Mandarin/Peach-Mango (16x100g)","Dairy","Yogurt",6.97,"531000021836278"
"IÖGO Yogurt Duo, Pineapple-Coconut-Banana/Lychee-Raspberry/Orange-Mandarin/Peach-Mango (16x100g)","Dairy","Yogurt",6.97,"531000016550324"
"IÖGO Yogurt Duo, Pineapple-Coconut-Banana/Lychee-Raspberry/Orange-Mandarin/Peach-Mango (16x100g)","Dairy","Yogurt",6.97,"531000014323167"
"IÖGO Yogurt Duo, Pineapple-Coconut-Banana/Lychee-Raspberry/Orange-Mandarin/Peach-Mango (16x100g)","Dairy","Yogurt",6.97,"531000012731610"
"Kellogg's Pop-Tarts, Chocolate Fudge (400g)","Grocery","Nutritional Portable",2.97,"531000091148722"
"Kellogg's Pop-Tarts, Chocolate Fudge (400g)","Grocery","Nutritional Portable",2.97,"531000099956449"
"Kellogg's Pop-Tarts, Chocolate Fudge (400g)","Grocery","Nutritional Portable",2.97,"531000097489587"
"Kellogg's Pop-Tarts, Chocolate Fudge (400g)","Grocery","Nutritional Portable",2.97,"531000091433027"
"Kellogg's Pop-Tarts, Chocolate Fudge (400g)","Grocery","Nutritional Portable",2.97,"531000089368321"
"Kellogg's Pop-Tarts, Chocolate Fudge (400g)","Grocery","Nutritional Portable",2.97,"531000093121022"
"Kellogg's Pop-Tarts, Chocolate Fudge (400g)","Grocery","Nutritional Portable",2.97,"531000078051763"
"Kellogg's Pop-Tarts, Chocolate Fudge (400g)","Grocery","Nutritional Portable",2.97,"531000076722902"
"Kellogg's Pop-Tarts, Chocolate Fudge (400g)","Grocery","Nutritional Portable",2.97,"531000091560538"
"Kellogg's Pop-Tarts, Chocolate Fudge (400g)","Grocery","Nutritional Portable",2.97,"531000090835246"
"Kellogg's Pop-Tarts, Chocolate Fudge (400g)","Grocery","Nutritional Portable",2.97,"531000093288841"
"Kellogg's Pop-Tarts, Chocolate Fudge (400g)","Grocery","Nutritional Portable",2.97,"531000064525923"
"Kellogg's Pop-Tarts, Chocolate Fudge (400g)","Grocery","Nutritional Portable",2.97,"531000063388108"
"Kellogg's Pop-Tarts, Chocolate Fudge (400g)","Grocery","Nutritional Portable",2.97,"531000069588025"
"Kellogg's Pop-Tarts, Chocolate Fudge (400g)","Grocery","Nutritional Portable",2.97,"531000089414191"
"Kellogg's Pop-Tarts, Chocolate Fudge (400g)","Grocery","Nutritional Portable",2.97,"531000033255707"
"Kellogg's Pop-Tarts, Chocolate Fudge (400g)","Grocery","Nutritional Portable",2.97,"531000069454021"
"Kellogg's Pop-Tarts, Chocolate Fudge (400g)","Grocery","Nutritional Portable",2.97,"531000031545549"
"Kellogg's Pop-Tarts, Chocolate Fudge (400g)","Grocery","Nutritional Portable",2.97,"531000018637808"
"Kellogg's Pop-Tarts, Chocolate Fudge (400g)","Grocery","Nutritional Portable",2.97,"531000021318805"
"Kellogg's Pop-Tarts, Chocolate Fudge (400g)","Grocery","Nutritional Portable",2.97,"531000014780044"
"Kellogg's Pop-Tarts, Chocolate Fudge (400g)","Grocery","Nutritional Portable",2.97,"531000014098046"
"Watercress (1ea)","Produce","Cooking Veg",1.47,"531000099644231"
"Watercress (1ea)","Produce","Cooking Veg",1.47,"531000091294992"
"Watercress (1ea)","Produce","Cooking Veg",1.47,"531000083956748"
"Watercress (1ea)","Produce","Cooking Veg",1.47,"531000089802120"
"Watercress (1ea)","Produce","Cooking Veg",1.47,"531000096035267"
"Watercress (1ea)","Produce","Cooking Veg",1.47,"531000068972475"
"Watercress (1ea)","Produce","Cooking Veg",1.47,"531000094391152"
"Watercress (1ea)","Produce","Cooking Veg",1.47,"531000090520804"
"Watercress (1ea)","Produce","Cooking Veg",1.47,"531000028340022"
"Watercress (1ea)","Produce","Cooking Veg",1.47,"531000061751854"
"Watercress (1ea)","Produce","Cooking Veg",1.47,"531000072811830"
"Watercress (1ea)","Produce","Cooking Veg",1.47,"531000021399655"
"Watercress (1ea)","Produce","Cooking Veg",1.47,"531000017349523"
"Watercress (1ea)","Produce","Cooking Veg",1.47,"531000019113398"
"Watercress (1ea)","Produce","Cooking Veg",1.47,"531000014545155"
"Watercress (1ea)","Produce","Cooking Veg",1.47,"531000013214904"
"Watercress (1ea)","Produce","Cooking Veg",1.47,"531000004359035"
"Watercress (1ea)","Produce","Cooking Veg",1.47,"531000012432128"
"No Name Deep Storage Containers with Folded Lids (3ea)","Home","Foil-Household",4.99,"531000094083111"
"No Name Deep Storage Containers with Folded Lids (3ea)","Home","Foil-Household",4.99,"531000096692653"
"Cadbury Dairy Milk Mint (100g)","Grocery","Chocolate",2.27,"531000065459563"
"Cadbury Dairy Milk Mint (100g)","Grocery","Chocolate",2.27,"531000054308505"
"Cadbury Dairy Milk Mint (100g)","Grocery","Chocolate",2.27,"531000068173651"
"Cadbury Dairy Milk Mint (100g)","Grocery","Chocolate",2.27,"531000074597553"
"Cadbury Dairy Milk Mint (100g)","Grocery","Chocolate",2.27,"531000053985319"
"Cadbury Dairy Milk Mint (100g)","Grocery","Chocolate",2.27,"531000060499376"
"Cadbury Dairy Milk Mint (100g)","Grocery","Chocolate",2.27,"531000022789180"
"Cadbury Dairy Milk Mint (100g)","Grocery","Chocolate",2.27,"531000029583290"
"Cadbury Dairy Milk Mint (100g)","Grocery","Chocolate",2.27,"531000013642546"
"Lemons (2lb bag)","Produce","Citrus",2.99,"531000013696111"
"Lemons (2lb bag)","Produce","Citrus",2.99,"531000013399242"
"Lemons (2lb bag)","Produce","Citrus",2.99,"531000013112216"
"Lemons (2lb bag)","Produce","Citrus",2.99,"531000013206594"
"Lemons (2lb bag)","Produce","Citrus",2.99,"531000013150265"
"Lemons (2lb bag)","Produce","Citrus",2.99,"531000013005078"
"Lemons (2lb bag)","Produce","Citrus",2.99,"531000012855629"
"Lemons (2lb bag)","Produce","Citrus",2.99,"531000013040651"
"Lemons (2lb bag)","Produce","Citrus",2.99,"531000012965455"
"Lemons (2lb bag)","Produce","Citrus",2.99,"531000012468458"
"Hershey's Kisses Cookies 'n' Crème (200g)","Grocery","Chocolate",4.27,"531000074802870"
"Hershey's Kisses Cookies 'n' Crème (200g)","Grocery","Chocolate",4.27,"531000014024777"
"Danone Activia Probiotic Yogurt, Red Fruits-Cereal/Peach-Cereal (8x100g)","Dairy","Yogurt",5.49,"531000096691833"